{"stats":{"minecraft:custom":{"minecraft:mob_kills":54,"minecraft:interact_with_crafting_table":33,"minecraft:leave_game":21,"minecraft:time_since_death":22630,"minecraft:climb_one_cm":46184,"minecraft:sprint_one_cm":436282,"minecraft:walk_one_cm":491778,"minecraft:drop":10,"minecraft:talked_to_villager":12,"minecraft:play_time":210356,"minecraft:deaths":2,"minecraft:sneak_time":3392,"minecraft:walk_under_water_one_cm":4478,"minecraft:jump":3517,"minecraft:interact_with_blast_furnace":7,"minecraft:walk_on_water_one_cm":23162,"minecraft:total_world_time":210356,"minecraft:interact_with_furnace":20,"minecraft:sleep_in_bed":5,"minecraft:time_since_rest":22709,"minecraft:damage_taken":1295,"minecraft:damage_dealt":6315,"minecraft:swim_one_cm":23501,"minecraft:fly_one_cm":653475,"minecraft:open_chest":18,"minecraft:crouch_one_cm":6811,"minecraft:fall_one_cm":75024},"minecraft:killed_by":{"minecraft:zombie":2},"minecraft:killed":{"minecraft:spider":4,"minecraft:horse":1,"minecraft:chicken":7,"minecraft:pig":17,"minecraft:iron_golem":1,"minecraft:sheep":11,"minecraft:zombie":1,"minecraft:cow":12},"minecraft:crafted":{"minecraft:oak_door":3,"minecraft:oak_planks":124,"minecraft:cobblestone_slab":72,"minecraft:stone_shovel":1,"minecraft:oak_sign":21,"minecraft:cooked_chicken":2,"minecraft:furnace":1,"minecraft:oak_trapdoor":2,"minecraft:hopper":1,"minecraft:ladder":39,"minecraft:stone_pickaxe":9,"minecraft:chest":5,"minecraft:stone_hoe":1,"minecraft:cooked_beef":2,"sophisticatedbackpacks:backpack":1,"minecraft:cooked_porkchop":2,"minecraft:crafting_table":3,"minecraft:wooden_pickaxe":1,"minecraft:bucket":1,"minecraft:stone_axe":2,"minecraft:air":0,"minecraft:jungle_planks":4,"minecraft:charcoal":8,"minecraft:stick":188,"minecraft:iron_ingot":11,"minecraft:iron_pickaxe":1,"minecraft:white_bed":2,"minecraft:acacia_planks":88,"minecraft:torch":80},"minecraft:mined":{"minecraft:white_bed":9,"minecraft:oak_door":1,"gravestone:gravestone":2,"minecraft:ladder":1,"minecraft:granite":65,"minecraft:budding_amethyst":10,"minecraft:acacia_log":22,"minecraft:grass_block":97,"minecraft:jungle_log":9,"minecraft:composter":1,"minecraft:furnace":4,"minecraft:carrots":12,"minecraft:iron_ore":21,"minecraft:andesite":143,"minecraft:pointed_dripstone":3,"minecraft:potatoes":2,"minecraft:cobblestone_slab":3,"minecraft:vine":3,"minecraft:small_amethyst_bud":3,"minecraft:stripped_oak_log":1,"minecraft:green_carpet":1,"minecraft:stone":686,"minecraft:white_wool":11,"create:limestone":2,"minecraft:acacia_leaves":9,"minecraft:medium_amethyst_bud":1,"minecraft:amethyst_cluster":1,"minecraft:crafting_table":13,"minecraft:torch":31,"minecraft:blast_furnace":2,"minecraft:calcite":76,"minecraft:melon":8,"minecraft:tall_grass":1,"minecraft:copper_ore":25,"minecraft:cobblestone":40,"minecraft:sugar_cane":1,"minecraft:diorite":86,"minecraft:wall_torch":10,"minecraft:amethyst_block":86,"minecraft:yellow_wool":8,"minecraft:wheat":12,"minecraft:yellow_bed":3,"minecraft:grass":46,"minecraft:oak_log":65,"minecraft:coal_ore":35,"minecraft:gravel":38,"minecraft:sand":2,"minecraft:dirt":60,"minecraft:smooth_basalt":68,"minecraft:oak_leaves":20,"minecraft:fern":5},"minecraft:broken":{"minecraft:wooden_pickaxe":1,"minecraft:stone_pickaxe":7,"minecraft:stone_axe":2,"minecraft:iron_pickaxe":1,"minecraft:golden_pickaxe":1,"minecraft:stone_shovel":1},"minecraft:dropped":{"minecraft:wheat_seeds":5,"minecraft:feather":5,"gravestone:obituary":1,"minecraft:cocoa_beans":3,"minecraft:rotten_flesh":4,"minecraft:spider_eye":1},"minecraft:used":{"minecraft:oak_trapdoor":2,"create:limestone":1,"minecraft:stone_shovel":134,"minecraft:ladder":23,"minecraft:poppy":2,"minecraft:oak_sign":21,"minecraft:chest":2,"minecraft:cooked_chicken":2,"minecraft:stone_hoe":81,"minecraft:oak_door":2,"minecraft:torch":132,"minecraft:dirt":99,"minecraft:hopper":1,"minecraft:carrot":12,"minecraft:golden_chestplate":1,"minecraft:granite":4,"minecraft:lava_bucket":2,"minecraft:pink_wool":1,"minecraft:smooth_basalt":38,"minecraft:furnace":5,"minecraft:egg":5,"minecraft:potato":2,"minecraft:cooked_beef":2,"minecraft:pointed_dripstone":4,"minecraft:calcite":20,"minecraft:wheat_seeds":9,"minecraft:water_bucket":10,"minecraft:diorite":5,"minecraft:amethyst_block":2,"minecraft:stone_pickaxe":971,"minecraft:oak_planks":1,"minecraft:wooden_pickaxe":60,"minecraft:composter":1,"minecraft:sugar_cane":2,"minecraft:cobblestone_slab":78,"minecraft:white_wool":2,"minecraft:sand":2,"minecraft:crafting_table":16,"minecraft:blast_furnace":2,"minecraft:white_bed":11,"minecraft:black_wool":1,"minecraft:melon_slice":44,"minecraft:bread":14,"minecraft:iron_pickaxe":252,"minecraft:stone_axe":212,"minecraft:green_carpet":1,"minecraft:cobblestone":333,"minecraft:cooked_porkchop":2,"minecraft:andesite":3,"minecraft:bucket":12,"minecraft:yellow_bed":3,"minecraft:golden_pickaxe":118},"minecraft:picked_up":{"minecraft:cocoa_beans":3,"minecraft:crafting_table":13,"minecraft:chicken":7,"minecraft:ladder":1,"minecraft:yellow_wool":8,"minecraft:pink_wool":1,"minecraft:amethyst_block":86,"minecraft:raw_copper":97,"minecraft:string":5,"create:limestone":2,"minecraft:beef":21,"minecraft:cobblestone_slab":6,"minecraft:calcite":76,"minecraft:poppy":2,"minecraft:melon_slice":44,"minecraft:sugar_cane":2,"minecraft:egg":5,"minecraft:furnace":4,"minecraft:stick":4,"minecraft:raw_iron":21,"minecraft:oak_door":1,"minecraft:composter":1,"minecraft:torch":52,"minecraft:acacia_log":22,"minecraft:porkchop":33,"minecraft:pointed_dripstone":5,"minecraft:diorite":86,"minecraft:carrot":12,"minecraft:rotten_flesh":4,"minecraft:mutton":17,"minecraft:white_wool":19,"minecraft:cobblestone":721,"minecraft:stripped_oak_log":1,"minecraft:feather":5,"minecraft:andesite":143,"minecraft:jungle_log":9,"minecraft:leather":9,"minecraft:potato":2,"minecraft:flint":7,"minecraft:oak_log":65,"minecraft:yellow_bed":3,"minecraft:dirt":152,"minecraft:wheat_seeds":17,"minecraft:iron_ingot":4,"minecraft:acacia_sapling":3,"minecraft:smooth_basalt":66,"minecraft:gravel":38,"minecraft:sand":2,"minecraft:amethyst_shard":8,"minecraft:blast_furnace":2,"minecraft:white_bed":9,"minecraft:green_carpet":1,"minecraft:spider_eye":1,"minecraft:granite":65,"minecraft:black_wool":1,"minecraft:coal":35}},"DataVersion":3465}