{"stats":{"minecraft:dropped":{"minecraft:feather":1},"minecraft:killed":{"minecraft:chicken":2,"minecraft:cow":1},"minecraft:custom":{"minecraft:time_since_rest":21286,"minecraft:interact_with_furnace":9,"minecraft:sprint_one_cm":42107,"minecraft:damage_taken":60,"minecraft:walk_one_cm":37865,"minecraft:mob_kills":3,"minecraft:drop":1,"minecraft:damage_dealt":195,"minecraft:swim_one_cm":6054,"minecraft:interact_with_crafting_table":2,"minecraft:fly_one_cm":80706,"minecraft:crouch_one_cm":55,"minecraft:play_time":21286,"minecraft:walk_under_water_one_cm":275,"minecraft:sneak_time":119,"minecraft:jump":414,"minecraft:leave_game":3,"minecraft:walk_on_water_one_cm":1540,"minecraft:time_since_death":21286,"minecraft:climb_one_cm":1519,"minecraft:total_world_time":21286,"minecraft:fall_one_cm":9490},"minecraft:mined":{"minecraft:furnace":2,"minecraft:crafting_table":2,"minecraft:grass":10,"minecraft:grass_block":3,"minecraft:oak_log":4,"minecraft:melon":7,"minecraft:vine":3,"minecraft:jungle_log":9,"minecraft:dirt":20,"minecraft:sand":2,"minecraft:stone":13,"minecraft:oak_leaves":7,"minecraft:fern":4},"minecraft:used":{"minecraft:melon_slice":1,"minecraft:wooden_pickaxe":30,"minecraft:cooked_chicken":2,"minecraft:dirt":13,"minecraft:sand":2,"minecraft:crafting_table":2,"minecraft:furnace":2,"minecraft:egg":1},"minecraft:picked_up":{"minecraft:cocoa_beans":3,"minecraft:crafting_table":2,"minecraft:feather":2,"minecraft:chicken":2,"minecraft:jungle_log":9,"minecraft:sand":2,"minecraft:oak_log":4,"minecraft:dirt":21,"minecraft:beef":2,"minecraft:melon_slice":38,"minecraft:egg":1,"minecraft:cobblestone":12,"minecraft:furnace":2},"minecraft:crafted":{"minecraft:cooked_beef":2,"minecraft:oak_planks":12,"minecraft:charcoal":8,"minecraft:crafting_table":1,"minecraft:stick":4,"minecraft:cooked_chicken":2,"minecraft:wooden_pickaxe":1,"minecraft:furnace":1,"minecraft:air":0,"minecraft:jungle_planks":4}},"DataVersion":3465}