{"stats":{"minecraft:dropped":{"minecraft:bread":64,"minecraft:wheat_seeds":5,"minecraft:feather":5,"gravestone:obituary":3,"minecraft:bone":3,"create:shaft":6,"minecraft:cocoa_beans":3,"minecraft:rotten_flesh":4,"minecraft:spider_eye":1},"minecraft:crafted":{"minecraft:oak_door":3,"minecraft:oak_planks":264,"minecraft:cobblestone_slab":318,"minecraft:stone_shovel":1,"minecraft:oak_sign":21,"minecraft:cooked_chicken":2,"minecraft:furnace":1,"minecraft:oak_trapdoor":4,"minecraft:hopper":1,"minecraft:iron_boots":1,"minecraft:iron_axe":1,"minecraft:ladder":39,"minecraft:stone_pickaxe":9,"minecraft:chest":5,"minecraft:stone_hoe":1,"minecraft:wheat":315,"minecraft:cooked_beef":2,"minecraft:oak_slab":18,"create:andesite_alloy":8,"sophisticatedbackpacks:backpack":1,"minecraft:cooked_porkchop":33,"minecraft:crafting_table":4,"minecraft:iron_helmet":1,"minecraft:wooden_pickaxe":1,"create:large_water_wheel":2,"minecraft:bucket":1,"minecraft:stone_axe":3,"minecraft:bread":105,"minecraft:air":0,"minecraft:jungle_planks":4,"minecraft:oak_boat":2,"create:water_wheel":2,"minecraft:iron_chestplate":1,"minecraft:charcoal":8,"minecraft:stick":188,"minecraft:iron_ingot":21,"minecraft:iron_pickaxe":3,"minecraft:iron_block":1,"minecraft:iron_leggings":1,"minecraft:white_bed":3,"create:shaft":8,"minecraft:composter":2,"minecraft:acacia_planks":88,"minecraft:torch":96,"create:zinc_ingot":12},"minecraft:picked_up":{"minecraft:cocoa_beans":3,"minecraft:crafting_table":15,"minecraft:chicken":7,"minecraft:ladder":2,"minecraft:yellow_wool":8,"minecraft:pink_wool":1,"gravestone:obituary":1,"minecraft:amethyst_block":89,"minecraft:raw_copper":101,"minecraft:string":5,"create:limestone":3,"minecraft:oak_sign":7,"minecraft:beef":21,"minecraft:oak_boat":4,"minecraft:cobblestone_slab":50,"minecraft:calcite":99,"minecraft:poppy":10,"minecraft:melon_slice":44,"minecraft:sugar_cane":2,"minecraft:chest":1,"minecraft:egg":5,"minecraft:furnace":4,"minecraft:stick":4,"minecraft:raw_iron":21,"minecraft:oak_door":1,"minecraft:composter":1,"minecraft:torch":91,"minecraft:acacia_log":22,"minecraft:porkchop":33,"minecraft:pointed_dripstone":5,"minecraft:diorite":188,"minecraft:carrot":12,"minecraft:arrow":1,"minecraft:rotten_flesh":4,"minecraft:hay_block":35,"minecraft:mutton":17,"minecraft:white_wool":19,"minecraft:cobblestone":1042,"minecraft:stripped_oak_log":1,"minecraft:feather":5,"minecraft:andesite":250,"minecraft:jungle_log":9,"minecraft:leather":9,"minecraft:potato":2,"minecraft:flint":11,"create:raw_zinc":24,"minecraft:oak_log":65,"minecraft:yellow_bed":3,"minecraft:dirt":163,"minecraft:bone":3,"minecraft:wheat_seeds":19,"minecraft:iron_ingot":29,"create:shaft":6,"minecraft:oak_planks":3,"minecraft:acacia_sapling":3,"minecraft:smooth_basalt":77,"minecraft:gravel":82,"minecraft:sand":2,"minecraft:amethyst_shard":10,"minecraft:blast_furnace":2,"minecraft:white_bed":13,"minecraft:green_carpet":1,"minecraft:spider_eye":1,"minecraft:granite":70,"minecraft:black_wool":1,"minecraft:coal":56},"minecraft:broken":{"minecraft:wooden_pickaxe":1,"minecraft:stone_pickaxe":9,"minecraft:stone_axe":2,"minecraft:iron_pickaxe":2,"minecraft:golden_pickaxe":1,"minecraft:stone_shovel":1},"minecraft:killed":{"minecraft:spider":4,"minecraft:horse":1,"minecraft:chicken":7,"minecraft:pig":17,"minecraft:iron_golem":4,"minecraft:sheep":11,"minecraft:zombie":1,"minecraft:cow":12},"minecraft:custom":{"minecraft:mob_kills":58,"minecraft:inspect_hopper":1,"minecraft:interact_with_crafting_table":56,"minecraft:leave_game":22,"minecraft:time_since_death":126306,"minecraft:climb_one_cm":71500,"minecraft:sprint_one_cm":715736,"minecraft:walk_one_cm":807714,"minecraft:drop":17,"minecraft:talked_to_villager":28,"minecraft:play_time":314032,"minecraft:deaths":2,"minecraft:sneak_time":7276,"minecraft:walk_under_water_one_cm":4790,"minecraft:jump":4784,"minecraft:interact_with_blast_furnace":9,"minecraft:walk_on_water_one_cm":58576,"minecraft:total_world_time":314032,"minecraft:interact_with_furnace":23,"minecraft:sleep_in_bed":9,"minecraft:time_since_rest":17291,"minecraft:damage_taken":1515,"minecraft:damage_dealt":9458,"minecraft:swim_one_cm":24428,"minecraft:fly_one_cm":850956,"minecraft:open_chest":44,"minecraft:crouch_one_cm":23255,"minecraft:fall_one_cm":91248},"minecraft:mined":{"create:zinc_ore":24,"minecraft:white_bed":13,"minecraft:oak_door":1,"gravestone:gravestone":2,"minecraft:ladder":2,"minecraft:granite":70,"minecraft:budding_amethyst":11,"minecraft:acacia_log":22,"minecraft:grass_block":97,"minecraft:jungle_log":9,"minecraft:composter":1,"minecraft:oak_wall_sign":6,"minecraft:hay_block":36,"minecraft:furnace":4,"minecraft:carrots":12,"minecraft:iron_ore":21,"minecraft:andesite":251,"minecraft:pointed_dripstone":3,"minecraft:potatoes":2,"minecraft:cobblestone_slab":46,"minecraft:vine":3,"minecraft:small_amethyst_bud":3,"minecraft:stripped_oak_log":1,"minecraft:green_carpet":1,"minecraft:stone":983,"minecraft:white_wool":11,"create:limestone":3,"minecraft:acacia_leaves":9,"minecraft:medium_amethyst_bud":1,"minecraft:amethyst_cluster":1,"minecraft:crafting_table":15,"minecraft:torch":48,"minecraft:blast_furnace":2,"minecraft:calcite":100,"minecraft:melon":8,"minecraft:chest":1,"minecraft:tall_grass":1,"minecraft:copper_ore":26,"minecraft:cobblestone":73,"minecraft:oak_planks":3,"minecraft:sugar_cane":1,"minecraft:diorite":188,"minecraft:wall_torch":17,"minecraft:amethyst_block":89,"minecraft:yellow_wool":8,"minecraft:wheat":14,"minecraft:yellow_bed":3,"minecraft:grass":49,"minecraft:oak_log":65,"minecraft:coal_ore":56,"minecraft:gravel":73,"minecraft:sand":2,"minecraft:dirt":71,"minecraft:smooth_basalt":80,"minecraft:oak_leaves":20,"minecraft:fern":5},"minecraft:used":{"minecraft:oak_trapdoor":3,"create:limestone":1,"minecraft:stone_shovel":134,"minecraft:ladder":24,"minecraft:poppy":4,"minecraft:oak_sign":25,"minecraft:chest":4,"minecraft:cooked_chicken":2,"minecraft:stone_hoe":120,"minecraft:iron_chestplate":1,"minecraft:oak_door":2,"minecraft:torch":178,"minecraft:dirt":99,"minecraft:hopper":1,"minecraft:carrot":12,"minecraft:golden_chestplate":1,"minecraft:granite":6,"minecraft:lava_bucket":4,"minecraft:iron_helmet":1,"minecraft:iron_boots":1,"minecraft:pink_wool":1,"minecraft:smooth_basalt":40,"minecraft:furnace":5,"minecraft:egg":5,"minecraft:potato":2,"minecraft:cooked_beef":2,"minecraft:iron_leggings":1,"minecraft:pointed_dripstone":4,"minecraft:calcite":20,"minecraft:wheat_seeds":11,"minecraft:water_bucket":18,"minecraft:diorite":22,"minecraft:amethyst_block":3,"minecraft:stone_pickaxe":1189,"minecraft:oak_planks":4,"minecraft:wooden_pickaxe":60,"minecraft:composter":3,"minecraft:sugar_cane":2,"minecraft:cobblestone_slab":296,"minecraft:white_wool":2,"minecraft:sand":2,"minecraft:crafting_table":19,"minecraft:blast_furnace":2,"minecraft:white_bed":16,"minecraft:black_wool":1,"minecraft:melon_slice":44,"minecraft:bread":14,"minecraft:iron_pickaxe":727,"minecraft:stone_axe":264,"minecraft:green_carpet":1,"minecraft:cobblestone":370,"minecraft:cooked_porkchop":10,"minecraft:andesite":3,"minecraft:bucket":23,"minecraft:yellow_bed":3,"minecraft:oak_boat":5,"minecraft:golden_pickaxe":118},"minecraft:killed_by":{"minecraft:zombie":2}},"DataVersion":3465}